provider_id,claim_type,diagnosis,claims,prov_avg,peer_avg,z,excess_paid
4500NJ,IP,41401,9,27667,14972,3.2,114255
1000YM,IP,41401,6,32500,14972,3.6,105170
36008A,IP,486,10,15400,7146,4.2,82544
3302VG,IP,V5789,6,26500,16039,3.3,62764
3302VG,IP,486,7,15571,7146,3.6,58981
3302VG,IP,4280,7,16286,8035,3.0,57752
3100JN,IP,49121,6,14333,6582,3.2,46505
1500QK,IP,486,5,15800,7146,3.1,43272
1402JQ,OP,V420,8,3850,2003,3.2,14778
0502NA,OP,1745,13,1464,451,4.3,13166
4900XD,OP,V560,5,4420,2024,3.3,11978
2201DT,OP,44021,5,2380,555,4.0,9127
2601BK,OP,1749,6,1950,455,4.5,8967
1700JJ,OP,78651,15,1138,587,3.6,8258
0502NA,OP,42732,24,404,109,3.9,7072
5000BN,OP,42761,5,1412,112,7.9,6500
3101KN,OP,78651,7,1440,587,3.8,5968
1100SK,OP,4148,5,1630,468,3.2,5812
0500RN,OP,7850,6,1072,107,6.4,5787
05036H,OP,7850,10,678,107,4.9,5708
2301GU,OP,1740,6,1287,343,3.5,5664
2201DT,OP,7890,5,1356,293,6.5,5313
1402YK,OP,78650,5,1660,606,3.7,5271
1900JS,OP,78651,7,1300,587,3.2,4988
0700JJ,OP,42781,9,649,115,4.1,4805
3400ZQ,OP,78071,9,719,191,5.7,4750
0502NA,OP,42823,8,786,200,3.9,4692
37016P,OP,7802,5,1360,498,3.3,4311
3302QH,OP,3320,6,1018,329,3.1,4137
05036H,OP,4270,10,529,121,3.2,4084
2600QH,OP,42732,5,918,109,4.9,4043
3100ZR,OP,7851,5,912,113,4.7,3996
3902NU,OP,4280,6,888,228,3.4,3962
34006R,OP,4019,9,524,86,9.0,3944
3100ZR,OP,78903,5,1100,342,3.8,3789
3601KC,OP,42760,6,747,115,3.9,3787
1700JJ,OP,72273,5,1012,263,4.7,3743
1500WS,OP,4011,24,235,86,4.9,3558
0900SU,OP,42769,5,830,127,3.8,3517
2900PS,OP,7869,5,888,194,5.3,3468
4900BC,OP,42789,7,596,106,3.6,3425
2200VV,OP,4271,8,518,92,3.8,3403
2601BK,OP,42732,6,672,109,3.7,3373
0505TK,OP,5970,7,607,126,4.5,3369
0500RN,OP,42769,7,603,127,3.0,3334
22008H,OP,79021,5,744,83,9.3,3307
1402NT,OP,2723,7,534,65,13.8,3285
3600NG,OP,7851,8,521,113,3.0,3268
2200PG,OP,4279,6,642,102,3.6,3236
3902GN,OP,4279,5,744,102,4.0,3208
2600QH,OP,4270,7,576,121,3.0,3186
1000WA,OP,7246,5,900,265,3.7,3176
3100XU,OP,2720,18,242,66,7.0,3170
4500NJ,OP,V5832,8,459,63,5.3,3168
4200NV,OP,42781,5,746,115,3.6,3155
0502NA,OP,V676,10,368,58,5.9,3096
0502NA,OP,5194,8,606,221,3.4,3085
4500NJ,OP,V571,6,833,319,3.4,3084
4200QS,OP,2724,8,449,63,15.0,3083
3303NG,OP,4011,45,154,86,3.1,3046
3302QH,OP,72142,5,840,239,4.1,3006
0900SU,OP,79021,8,458,83,6.7,2999
1402HU,OP,4011,21,228,86,4.4,2977
3100KV,OP,4019,23,215,86,4.2,2958
5000CG,OP,4279,5,694,102,3.7,2958
2301GU,OP,7237,5,852,262,4.1,2950
0502NA,OP,V5843,8,435,68,5.4,2940
4900ZV,OP,4279,5,690,102,3.6,2938
0900SU,OP,4271,5,678,92,4.1,2929
2601DN,OP,4270,5,702,121,3.2,2907
1100SK,OP,4272,5,692,112,3.2,2898
5000YH,OP,42760,5,694,115,3.3,2893
15016R,OP,2723,11,326,65,9.6,2874
1402NT,OP,42781,5,684,115,3.3,2845
1401ZD,OP,4011,25,200,86,3.9,2842
4200MU,OP,42760,5,682,115,3.2,2833
1102BD,OP,4279,5,668,102,3.5,2828
1900AJ,OP,7851,5,678,113,3.3,2826
3600WB,OP,4941,8,548,195,3.3,2823
2300CK,OP,4019,5,650,86,8.6,2819
30XPHC,OP,4019,31,176,86,3.4,2778
1900JS,OP,42769,5,682,127,3.0,2777
3400ZQ,OP,78960,6,752,290,3.4,2768
5213DU,OP,4011,7,479,86,7.1,2746
0300RK,OP,4011,30,177,86,3.4,2710
0723AC,OP,4019,10,356,86,5.8,2698
3800GK,OP,25001,5,606,79,8.3,2633
2400YU,OP,V5865,5,574,51,9.1,2614
3702SN,OP,4011,20,210,86,3.8,2474
3302BQ,OP,4019,5,574,86,7.4,2439
1900JS,OP,78071,8,488,191,3.0,2371
2201DT,OP,79029,19,203,82,3.8,2300
0300MD,OP,4011,5,544,86,7.0,2288
0613XT,OP,4019,10,314,86,4.9,2278
2500TM,OP,4019,10,312,86,4.9,2258
2301YM,OP,4019,11,280,86,4.4,2132
1102HK,OP,4019,18,204,86,3.4,2129
1000PP,OP,4011,6,437,86,5.8,2102
1000GD,OP,78904,5,692,272,3.2,2101
3301DD,OP,25000,7,376,83,4.2,2046
2301GU,OP,25001,19,186,79,3.3,2022
3000BT,OP,4019,17,201,86,3.2,1945
05036H,OP,7916,5,472,86,5.0,1928
2201DT,OP,V5877,7,340,75,3.5,1856
3601XC,OP,4019,5,450,86,5.5,1819
2400YU,OP,V6546,8,299,80,6.1,1748
4503XA,OP,V4585,7,320,79,5.7,1690
0300VH,OP,4019,8,293,86,4.0,1651
01008R,OP,4011,7,321,86,4.2,1646
3101KN,OP,79022,6,348,75,6.3,1638
0502NA,OP,V7619,7,330,105,4.2,1578
2900PS,OP,V5867,5,368,57,4.4,1555
1000RR,OP,4019,5,390,86,4.6,1519
2201HV,OP,4660,6,380,127,4.0,1518
2500XJ,OP,4019,8,275,86,3.6,1511
3301UP,OP,2721,15,163,64,5.7,1484
3600WB,OP,V7647,5,386,93,5.2,1463
2900PS,OP,V584,5,360,73,3.0,1434
1313GD,OP,4011,7,290,86,3.7,1426
0505YJ,OP,7916,7,290,86,3.1,1426
49008S,OP,4011,8,260,86,3.3,1389
4400WQ,OP,4019,6,312,86,3.8,1353
5000CG,OP,V6759,5,334,64,3.3,1348
1700JJ,OP,7915,8,248,80,3.9,1339
3500VG,OP,4011,7,271,86,3.3,1296
0502NA,OP,V5842,5,324,66,3.0,1291
1402JQ,OP,V5391,8,239,78,5.2,1290
2201DT,OP,V665,5,306,53,3.9,1263
1000JJ,OP,4011,8,244,86,3.0,1259
3100XU,OP,79029,7,260,82,3.4,1245
3613PU,OP,4011,5,334,86,3.8,1238
4600YU,OP,4019,7,263,86,3.2,1237
0505TK,OP,V558,6,268,64,3.3,1227
2400JM,OP,79022,5,320,75,5.2,1224
5113UA,OP,4019,5,330,86,3.7,1219
4502ZK,OP,4011,6,277,86,3.2,1142
3902GN,OP,24900,8,221,80,3.1,1132
3300KJ,OP,2721,21,116,64,3.5,1091
11136M,OP,4011,5,304,86,3.3,1088
14026D,OP,2723,7,219,65,4.5,1075
2301QA,OP,4011,5,282,86,3.0,978
22008H,OP,2722,8,186,66,5.1,965
21006R,OP,2721,10,160,64,4.5,962
3901BV,OP,2721,5,254,64,6.3,951
3702SN,OP,V6546,7,214,80,3.5,938
03138D,OP,2722,8,179,66,4.8,905
3301DD,OP,2723,10,155,65,3.2,899
1402HU,OP,7915,5,258,80,3.3,889
0900SU,OP,V5391,7,187,78,3.3,767
5000WD,OP,2724,6,188,63,4.2,750
0800RA,OP,2721,7,163,64,3.9,694
3601VQ,OP,2721,7,150,64,3.4,604
3601GU,OP,2724,6,158,63,3.2,570
3902HP,OP,2721,5,156,64,3.1,461
